-- =============================================
-- LLM-Generated Test Data for Law Firm Conflict Checking
-- Generated on: 2025-09-30T16:42:58.795029
-- =============================================

BEGIN;

-- Insert nodes (entities)
INSERT INTO nodes (node_id, node_type, primary_name, created_by) VALUES ('54651b7f-feb1-48af-a5cf-38cbe816fc79', 'Company', 'Latham & Watkins LLP', 'test_generator');
INSERT INTO nodes (node_id, node_type, primary_name, created_by) VALUES ('8dee0767-4d06-4b6f-b2d5-0259867d10c1', 'Person', 'Michael R. Davidson', 'test_generator');
INSERT INTO nodes (node_id, node_type, primary_name, created_by) VALUES ('2c550759-ff8f-4f75-9c39-db5b6e842844', 'Company', 'Skadden, Arps, Slate, Meagher & Flom LLP', 'test_generator');
INSERT INTO nodes (node_id, node_type, primary_name, created_by) VALUES ('d6d4ee7d-98f2-4a24-ad4e-8ba302ae1a3e', 'Person', 'Victoria E. Thompson', 'test_generator');
INSERT INTO nodes (node_id, node_type, primary_name, created_by) VALUES ('215c340c-061b-4e70-a273-88ca4b2a7c32', 'Company', 'Simpson Thacher', 'test_generator');
INSERT INTO nodes (node_id, node_type, primary_name, created_by) VALUES ('d0431b10-ab0a-4e21-a82c-8275668afe80', 'Person', 'Elena Martinez', 'test_generator');
INSERT INTO nodes (node_id, node_type, primary_name, created_by) VALUES ('09e9b435-a6c7-4b9f-a79c-fb761adfe70e', 'Company', 'Westbrook Technologies Corporation', 'test_generator');
INSERT INTO nodes (node_id, node_type, primary_name, created_by) VALUES ('7c7aa905-b120-4fdd-87fc-a68280e86c77', 'Person', 'Margaret R. Chen-Williams', 'test_generator');
INSERT INTO nodes (node_id, node_type, primary_name, created_by) VALUES ('7b8fbc3f-c6b6-4600-9881-5b3f3f0cabbb', 'Person', 'Christopher J. O''Malley', 'test_generator');
INSERT INTO nodes (node_id, node_type, primary_name, created_by) VALUES ('ea42d943-8929-42f6-866c-aa36703c20ed', 'Company', 'Quantum Dynamics Solutions LLC', 'test_generator');
INSERT INTO nodes (node_id, node_type, primary_name, created_by) VALUES ('e293041f-e90d-4f89-964e-55b029d30ede', 'Person', 'Dr. Alexander P. Martinez', 'test_generator');
INSERT INTO nodes (node_id, node_type, primary_name, created_by) VALUES ('011421a2-3e50-40b5-b109-77152ac83d5e', 'Company', 'Westbrook Manufacturing, Inc.', 'test_generator');
INSERT INTO nodes (node_id, node_type, primary_name, created_by) VALUES ('10a2a87e-a0af-459c-81d7-65d23d9d90df', 'Person', 'Richard Thomas Westbrook', 'test_generator');
INSERT INTO nodes (node_id, node_type, primary_name, created_by) VALUES ('b3300c0c-76f0-4a9f-aab6-53bde8e08007', 'Person', 'Patricia Ann Westbrook-Chen', 'test_generator');
INSERT INTO nodes (node_id, node_type, primary_name, created_by) VALUES ('e8a990d0-ce7b-4a9a-b8ea-90c2100bf49a', 'Person', 'David Michael Westbrook', 'test_generator');
INSERT INTO nodes (node_id, node_type, primary_name, created_by) VALUES ('ed359362-c1a2-427c-be66-56258c4add7b', 'Person', 'Alexander Chen', 'test_generator');
INSERT INTO nodes (node_id, node_type, primary_name, created_by) VALUES ('21096e09-236b-4c41-a531-dde0c7641014', 'Person', 'Victoria Chen', 'test_generator');
INSERT INTO nodes (node_id, node_type, primary_name, created_by) VALUES ('1aedfba8-1c51-427d-b264-ce26edacdd72', 'Person', 'Emma Westbrook', 'test_generator');
INSERT INTO nodes (node_id, node_type, primary_name, created_by) VALUES ('cf43bd99-f221-4942-8afb-1b95d5c9ea0e', 'Person', 'Michael Chen', 'test_generator');
INSERT INTO nodes (node_id, node_type, primary_name, created_by) VALUES ('aa0a1542-e553-4260-893d-5d046e66d52f', 'Person', 'Jennifer Westbrook', 'test_generator');
INSERT INTO nodes (node_id, node_type, primary_name, created_by) VALUES ('230f9ee6-d5ba-418b-992b-eb45ecb4ac67', 'Company', 'Chen Consulting Group, LLC', 'test_generator');
INSERT INTO nodes (node_id, node_type, primary_name, created_by) VALUES ('d1277d76-76f5-4e4f-aa2e-d47d1bf135d3', 'Company', 'Blackwood, Chen & Associates LLP', 'test_generator');
INSERT INTO nodes (node_id, node_type, primary_name, created_by) VALUES ('ff3567dc-1ba4-4ba3-bf0a-16e11c93b575', 'Person', 'Margaret R. Blackwood', 'test_generator');
INSERT INTO nodes (node_id, node_type, primary_name, created_by) VALUES ('8cbec967-6c1b-4b3a-a3ca-969eb8410f2f', 'Person', 'David H. Chen', 'test_generator');
INSERT INTO nodes (node_id, node_type, primary_name, created_by) VALUES ('9eb7e336-0970-4f11-9eb6-10b971c33128', 'Person', 'Sarah J. Rodriguez', 'test_generator');
INSERT INTO nodes (node_id, node_type, primary_name, created_by) VALUES ('80b04e3c-4ef5-48df-b009-0fe08bd05748', 'Person', 'Michael P. O''Connor', 'test_generator');
INSERT INTO nodes (node_id, node_type, primary_name, created_by) VALUES ('d6057846-ea80-4417-9210-f5401f0119de', 'Person', 'Jennifer L. Wu', 'test_generator');
INSERT INTO nodes (node_id, node_type, primary_name, created_by) VALUES ('28b42994-45fa-46a3-aeca-edd27994a273', 'Person', 'Robert A. Fitzgerald', 'test_generator');
INSERT INTO nodes (node_id, node_type, primary_name, created_by) VALUES ('ce743084-0961-4732-95fe-87db9d402d12', 'Company', 'TechVision Systems, Inc.', 'test_generator');
INSERT INTO nodes (node_id, node_type, primary_name, created_by) VALUES ('df271876-cd92-422b-80fb-087448d572b0', 'Person', 'James Blackwood', 'test_generator');
INSERT INTO nodes (node_id, node_type, primary_name, created_by) VALUES ('b92cde31-79e9-45ee-bfe5-961b8cd931c9', 'Company', 'GlobalTech Solutions Inc.', 'test_generator');
INSERT INTO nodes (node_id, node_type, primary_name, created_by) VALUES ('dba16fc1-91f7-430b-a02a-f4efc56f38f1', 'Company', 'Innovation Ventures LLC', 'test_generator');

-- Insert attributes
INSERT INTO attributes (node_id, attribute_type, attribute_value, confidence, source) VALUES ('8dee0767-4d06-4b6f-b2d5-0259867d10c1', 'title', 'Partner', 1.0, 'generated');
INSERT INTO attributes (node_id, attribute_type, attribute_value, confidence, source) VALUES ('8dee0767-4d06-4b6f-b2d5-0259867d10c1', 'category', 'M&A', 1.0, 'generated');
INSERT INTO attributes (node_id, attribute_type, attribute_value, confidence, source) VALUES ('d6d4ee7d-98f2-4a24-ad4e-8ba302ae1a3e', 'title', 'Partner', 1.0, 'generated');
INSERT INTO attributes (node_id, attribute_type, attribute_value, confidence, source) VALUES ('d6d4ee7d-98f2-4a24-ad4e-8ba302ae1a3e', 'category', 'M&A', 1.0, 'generated');
INSERT INTO attributes (node_id, attribute_type, attribute_value, confidence, source) VALUES ('d0431b10-ab0a-4e21-a82c-8275668afe80', 'title', 'Partner', 1.0, 'generated');
INSERT INTO attributes (node_id, attribute_type, attribute_value, confidence, source) VALUES ('09e9b435-a6c7-4b9f-a79c-fb761adfe70e', 'category', 'Technology', 1.0, 'generated');
INSERT INTO attributes (node_id, attribute_type, attribute_value, confidence, source) VALUES ('7c7aa905-b120-4fdd-87fc-a68280e86c77', 'title', 'CEO', 1.0, 'generated');
INSERT INTO attributes (node_id, attribute_type, attribute_value, confidence, source) VALUES ('7b8fbc3f-c6b6-4600-9881-5b3f3f0cabbb', 'title', 'General Counsel', 1.0, 'generated');
INSERT INTO attributes (node_id, attribute_type, attribute_value, confidence, source) VALUES ('ea42d943-8929-42f6-866c-aa36703c20ed', 'category', 'Technology', 1.0, 'generated');
INSERT INTO attributes (node_id, attribute_type, attribute_value, confidence, source) VALUES ('e293041f-e90d-4f89-964e-55b029d30ede', 'title', 'Founder & CEO', 1.0, 'generated');
INSERT INTO attributes (node_id, attribute_type, attribute_value, confidence, source) VALUES ('011421a2-3e50-40b5-b109-77152ac83d5e', 'category', 'Industrial Equipment Manufacturing', 1.0, 'generated');
INSERT INTO attributes (node_id, attribute_type, attribute_value, confidence, source) VALUES ('10a2a87e-a0af-459c-81d7-65d23d9d90df', 'title', 'Board Chairman, Former CEO', 1.0, 'generated');
INSERT INTO attributes (node_id, attribute_type, attribute_value, confidence, source) VALUES ('10a2a87e-a0af-459c-81d7-65d23d9d90df', 'nameAlias', 'Richard', 1.0, 'generated');
INSERT INTO attributes (node_id, attribute_type, attribute_value, confidence, source) VALUES ('b3300c0c-76f0-4a9f-aab6-53bde8e08007', 'title', 'CEO', 1.0, 'generated');
INSERT INTO attributes (node_id, attribute_type, attribute_value, confidence, source) VALUES ('b3300c0c-76f0-4a9f-aab6-53bde8e08007', 'nameAlias', 'Patricia', 1.0, 'generated');
INSERT INTO attributes (node_id, attribute_type, attribute_value, confidence, source) VALUES ('e8a990d0-ce7b-4a9a-b8ea-90c2100bf49a', 'title', 'COO', 1.0, 'generated');
INSERT INTO attributes (node_id, attribute_type, attribute_value, confidence, source) VALUES ('e8a990d0-ce7b-4a9a-b8ea-90c2100bf49a', 'nameAlias', 'David', 1.0, 'generated');
INSERT INTO attributes (node_id, attribute_type, attribute_value, confidence, source) VALUES ('ed359362-c1a2-427c-be66-56258c4add7b', 'title', 'Director of Business Development', 1.0, 'generated');
INSERT INTO attributes (node_id, attribute_type, attribute_value, confidence, source) VALUES ('ed359362-c1a2-427c-be66-56258c4add7b', 'nameAlias', 'Alex', 1.0, 'generated');
INSERT INTO attributes (node_id, attribute_type, attribute_value, confidence, source) VALUES ('21096e09-236b-4c41-a531-dde0c7641014', 'title', 'Legal Counsel', 1.0, 'generated');
INSERT INTO attributes (node_id, attribute_type, attribute_value, confidence, source) VALUES ('1aedfba8-1c51-427d-b264-ce26edacdd72', 'title', 'Marketing Manager', 1.0, 'generated');
INSERT INTO attributes (node_id, attribute_type, attribute_value, confidence, source) VALUES ('cf43bd99-f221-4942-8afb-1b95d5c9ea0e', 'title', 'CFO', 1.0, 'generated');
INSERT INTO attributes (node_id, attribute_type, attribute_value, confidence, source) VALUES ('aa0a1542-e553-4260-893d-5d046e66d52f', 'title', 'HR Director', 1.0, 'generated');
INSERT INTO attributes (node_id, attribute_type, attribute_value, confidence, source) VALUES ('230f9ee6-d5ba-418b-992b-eb45ecb4ac67', 'category', 'Consulting', 1.0, 'generated');
INSERT INTO attributes (node_id, attribute_type, attribute_value, confidence, source) VALUES ('cf43bd99-f221-4942-8afb-1b95d5c9ea0e', 'title', 'Founder and Managing Partner', 1.0, 'generated');
INSERT INTO attributes (node_id, attribute_type, attribute_value, confidence, source) VALUES ('ff3567dc-1ba4-4ba3-bf0a-16e11c93b575', 'title', 'Partner', 1.0, 'generated');
INSERT INTO attributes (node_id, attribute_type, attribute_value, confidence, source) VALUES ('ff3567dc-1ba4-4ba3-bf0a-16e11c93b575', 'category', 'Corporate Law', 1.0, 'generated');
INSERT INTO attributes (node_id, attribute_type, attribute_value, confidence, source) VALUES ('8cbec967-6c1b-4b3a-a3ca-969eb8410f2f', 'title', 'Partner', 1.0, 'generated');
INSERT INTO attributes (node_id, attribute_type, attribute_value, confidence, source) VALUES ('8cbec967-6c1b-4b3a-a3ca-969eb8410f2f', 'category', 'M&A', 1.0, 'generated');
INSERT INTO attributes (node_id, attribute_type, attribute_value, confidence, source) VALUES ('9eb7e336-0970-4f11-9eb6-10b971c33128', 'title', 'Associate', 1.0, 'generated');
INSERT INTO attributes (node_id, attribute_type, attribute_value, confidence, source) VALUES ('9eb7e336-0970-4f11-9eb6-10b971c33128', 'category', 'Employment Law', 1.0, 'generated');
INSERT INTO attributes (node_id, attribute_type, attribute_value, confidence, source) VALUES ('80b04e3c-4ef5-48df-b009-0fe08bd05748', 'title', 'Associate', 1.0, 'generated');
INSERT INTO attributes (node_id, attribute_type, attribute_value, confidence, source) VALUES ('80b04e3c-4ef5-48df-b009-0fe08bd05748', 'category', 'Commercial Real Estate', 1.0, 'generated');
INSERT INTO attributes (node_id, attribute_type, attribute_value, confidence, source) VALUES ('d6057846-ea80-4417-9210-f5401f0119de', 'title', 'Associate', 1.0, 'generated');
INSERT INTO attributes (node_id, attribute_type, attribute_value, confidence, source) VALUES ('d6057846-ea80-4417-9210-f5401f0119de', 'category', 'Intellectual Property', 1.0, 'generated');
INSERT INTO attributes (node_id, attribute_type, attribute_value, confidence, source) VALUES ('28b42994-45fa-46a3-aeca-edd27994a273', 'title', 'Counsel', 1.0, 'generated');
INSERT INTO attributes (node_id, attribute_type, attribute_value, confidence, source) VALUES ('28b42994-45fa-46a3-aeca-edd27994a273', 'category', 'Corporate Law', 1.0, 'generated');
INSERT INTO attributes (node_id, attribute_type, attribute_value, confidence, source) VALUES ('ce743084-0961-4732-95fe-87db9d402d12', 'category', 'Technology', 1.0, 'generated');
INSERT INTO attributes (node_id, attribute_type, attribute_value, confidence, source) VALUES ('df271876-cd92-422b-80fb-087448d572b0', 'title', 'CFO', 1.0, 'generated');
INSERT INTO attributes (node_id, attribute_type, attribute_value, confidence, source) VALUES ('b92cde31-79e9-45ee-bfe5-961b8cd931c9', 'category', 'Technology', 1.0, 'generated');
INSERT INTO attributes (node_id, attribute_type, attribute_value, confidence, source) VALUES ('dba16fc1-91f7-430b-a02a-f4efc56f38f1', 'category', 'Venture Capital', 1.0, 'generated');

-- Insert relationships
INSERT INTO relationships (source_node_id, target_node_id, relationship_type, strength, valid_from, valid_to, metadata) VALUES ('8dee0767-4d06-4b6f-b2d5-0259867d10c1', '54651b7f-feb1-48af-a5cf-38cbe816fc79', 'Employment', 0.9, '2020-03-19', NULL, NULL);
INSERT INTO relationships (source_node_id, target_node_id, relationship_type, strength, valid_from, valid_to, metadata) VALUES ('d6d4ee7d-98f2-4a24-ad4e-8ba302ae1a3e', '2c550759-ff8f-4f75-9c39-db5b6e842844', 'Employment', 0.9, '2023-08-05', NULL, NULL);
INSERT INTO relationships (source_node_id, target_node_id, relationship_type, strength, valid_from, valid_to, metadata) VALUES ('d0431b10-ab0a-4e21-a82c-8275668afe80', '215c340c-061b-4e70-a273-88ca4b2a7c32', 'Employment', 0.9, '2023-08-04', NULL, NULL);
INSERT INTO relationships (source_node_id, target_node_id, relationship_type, strength, valid_from, valid_to, metadata) VALUES ('7c7aa905-b120-4fdd-87fc-a68280e86c77', '09e9b435-a6c7-4b9f-a79c-fb761adfe70e', 'Employment', 1.0, '2018-02-24', NULL, NULL);
INSERT INTO relationships (source_node_id, target_node_id, relationship_type, strength, valid_from, valid_to, metadata) VALUES ('7b8fbc3f-c6b6-4600-9881-5b3f3f0cabbb', '09e9b435-a6c7-4b9f-a79c-fb761adfe70e', 'Employment', 0.9, '2023-09-11', NULL, NULL);
INSERT INTO relationships (source_node_id, target_node_id, relationship_type, strength, valid_from, valid_to, metadata) VALUES ('e293041f-e90d-4f89-964e-55b029d30ede', 'ea42d943-8929-42f6-866c-aa36703c20ed', 'Employment', 1.0, '2020-05-03', NULL, NULL);
INSERT INTO relationships (source_node_id, target_node_id, relationship_type, strength, valid_from, valid_to, metadata) VALUES ('e293041f-e90d-4f89-964e-55b029d30ede', 'd0431b10-ab0a-4e21-a82c-8275668afe80', 'Family', 0.9, '2025-09-30', NULL, NULL);
INSERT INTO relationships (source_node_id, target_node_id, relationship_type, strength, valid_from, valid_to, metadata) VALUES ('54651b7f-feb1-48af-a5cf-38cbe816fc79', 'ea42d943-8929-42f6-866c-aa36703c20ed', 'Legal_Counsel', 0.7, '2021', '2022', NULL);
INSERT INTO relationships (source_node_id, target_node_id, relationship_type, strength, valid_from, valid_to, metadata) VALUES ('10a2a87e-a0af-459c-81d7-65d23d9d90df', '011421a2-3e50-40b5-b109-77152ac83d5e', 'Employment', 1.0, '2023-02-04', NULL, NULL);
INSERT INTO relationships (source_node_id, target_node_id, relationship_type, strength, valid_from, valid_to, metadata) VALUES ('b3300c0c-76f0-4a9f-aab6-53bde8e08007', '011421a2-3e50-40b5-b109-77152ac83d5e', 'Employment', 1.0, '2018-07-11', NULL, NULL);
INSERT INTO relationships (source_node_id, target_node_id, relationship_type, strength, valid_from, valid_to, metadata) VALUES ('e8a990d0-ce7b-4a9a-b8ea-90c2100bf49a', '011421a2-3e50-40b5-b109-77152ac83d5e', 'Employment', 0.9, '2023-07-15', NULL, NULL);
INSERT INTO relationships (source_node_id, target_node_id, relationship_type, strength, valid_from, valid_to, metadata) VALUES ('ed359362-c1a2-427c-be66-56258c4add7b', '011421a2-3e50-40b5-b109-77152ac83d5e', 'Employment', 0.9, '2019-02-08', NULL, NULL);
INSERT INTO relationships (source_node_id, target_node_id, relationship_type, strength, valid_from, valid_to, metadata) VALUES ('21096e09-236b-4c41-a531-dde0c7641014', '011421a2-3e50-40b5-b109-77152ac83d5e', 'Employment', 0.9, '2020-03-01', NULL, NULL);
INSERT INTO relationships (source_node_id, target_node_id, relationship_type, strength, valid_from, valid_to, metadata) VALUES ('1aedfba8-1c51-427d-b264-ce26edacdd72', '011421a2-3e50-40b5-b109-77152ac83d5e', 'Employment', 0.9, '2020-10-23', NULL, NULL);
INSERT INTO relationships (source_node_id, target_node_id, relationship_type, strength, valid_from, valid_to, metadata) VALUES ('cf43bd99-f221-4942-8afb-1b95d5c9ea0e', '011421a2-3e50-40b5-b109-77152ac83d5e', 'Employment', 1.0, '2023-03-15', NULL, NULL);
INSERT INTO relationships (source_node_id, target_node_id, relationship_type, strength, valid_from, valid_to, metadata) VALUES ('aa0a1542-e553-4260-893d-5d046e66d52f', '011421a2-3e50-40b5-b109-77152ac83d5e', 'Employment', 0.9, '2023-08-29', NULL, NULL);
INSERT INTO relationships (source_node_id, target_node_id, relationship_type, strength, valid_from, valid_to, metadata) VALUES ('cf43bd99-f221-4942-8afb-1b95d5c9ea0e', '230f9ee6-d5ba-418b-992b-eb45ecb4ac67', 'Employment', 0.9, '2020-01-22', NULL, NULL);
INSERT INTO relationships (source_node_id, target_node_id, relationship_type, strength, valid_from, valid_to, metadata) VALUES ('b3300c0c-76f0-4a9f-aab6-53bde8e08007', '10a2a87e-a0af-459c-81d7-65d23d9d90df', 'Family', 0.9, '2025-09-30', NULL, NULL);
INSERT INTO relationships (source_node_id, target_node_id, relationship_type, strength, valid_from, valid_to, metadata) VALUES ('e8a990d0-ce7b-4a9a-b8ea-90c2100bf49a', '10a2a87e-a0af-459c-81d7-65d23d9d90df', 'Family', 0.9, '2025-09-30', NULL, NULL);
INSERT INTO relationships (source_node_id, target_node_id, relationship_type, strength, valid_from, valid_to, metadata) VALUES ('b3300c0c-76f0-4a9f-aab6-53bde8e08007', 'cf43bd99-f221-4942-8afb-1b95d5c9ea0e', 'Family', 0.9, '2025-09-30', NULL, NULL);
INSERT INTO relationships (source_node_id, target_node_id, relationship_type, strength, valid_from, valid_to, metadata) VALUES ('ff3567dc-1ba4-4ba3-bf0a-16e11c93b575', 'd1277d76-76f5-4e4f-aa2e-d47d1bf135d3', 'Employment', 0.9, '2018-12-14', NULL, NULL);
INSERT INTO relationships (source_node_id, target_node_id, relationship_type, strength, valid_from, valid_to, metadata) VALUES ('8cbec967-6c1b-4b3a-a3ca-969eb8410f2f', 'd1277d76-76f5-4e4f-aa2e-d47d1bf135d3', 'Employment', 0.9, '2015-11-25', NULL, NULL);
INSERT INTO relationships (source_node_id, target_node_id, relationship_type, strength, valid_from, valid_to, metadata) VALUES ('9eb7e336-0970-4f11-9eb6-10b971c33128', 'd1277d76-76f5-4e4f-aa2e-d47d1bf135d3', 'Employment', 0.8, '2017-12-06', NULL, NULL);
INSERT INTO relationships (source_node_id, target_node_id, relationship_type, strength, valid_from, valid_to, metadata) VALUES ('80b04e3c-4ef5-48df-b009-0fe08bd05748', 'd1277d76-76f5-4e4f-aa2e-d47d1bf135d3', 'Employment', 0.8, '2021-11-16', NULL, NULL);
INSERT INTO relationships (source_node_id, target_node_id, relationship_type, strength, valid_from, valid_to, metadata) VALUES ('d6057846-ea80-4417-9210-f5401f0119de', 'd1277d76-76f5-4e4f-aa2e-d47d1bf135d3', 'Employment', 0.8, '2018-10-30', NULL, NULL);
INSERT INTO relationships (source_node_id, target_node_id, relationship_type, strength, valid_from, valid_to, metadata) VALUES ('28b42994-45fa-46a3-aeca-edd27994a273', 'd1277d76-76f5-4e4f-aa2e-d47d1bf135d3', 'Employment', 0.8, '2018-09-22', NULL, NULL);
INSERT INTO relationships (source_node_id, target_node_id, relationship_type, strength, valid_from, valid_to, metadata) VALUES ('df271876-cd92-422b-80fb-087448d572b0', 'ce743084-0961-4732-95fe-87db9d402d12', 'Employment', 1.0, '2022-06-30', NULL, NULL);
INSERT INTO relationships (source_node_id, target_node_id, relationship_type, strength, valid_from, valid_to, metadata) VALUES ('ff3567dc-1ba4-4ba3-bf0a-16e11c93b575', 'df271876-cd92-422b-80fb-087448d572b0', 'Family', 0.9, '2025-09-30', NULL, NULL);
INSERT INTO relationships (source_node_id, target_node_id, relationship_type, strength, valid_from, valid_to, metadata) VALUES ('9eb7e336-0970-4f11-9eb6-10b971c33128', 'b92cde31-79e9-45ee-bfe5-961b8cd931c9', 'Employment', 0.8, '2012-01-01', '2018-01-01', NULL);
INSERT INTO relationships (source_node_id, target_node_id, relationship_type, strength, valid_from, valid_to, metadata) VALUES ('8cbec967-6c1b-4b3a-a3ca-969eb8410f2f', 'dba16fc1-91f7-430b-a02a-f4efc56f38f1', 'Advisory_Board', 0.7, '2025-09-30', NULL, NULL);

COMMIT;

-- Verification queries
SELECT 'Generated entities: ' || COUNT(*) FROM nodes WHERE created_by = 'test_generator';
SELECT 'Generated attributes: ' || COUNT(*) FROM attributes WHERE source = 'generated';
SELECT 'Generated relationships: ' || COUNT(*) FROM relationships;